{"cameraMode":{"drawMode":0,"name":"Shaded","section":"Shading Mode"},"sceneLighting":true,"audioPlay":false,"sceneViewState":{"showFog":false,"showMaterialUpdate":false,"showSkybox":false,"showFlares":false,"showImageEffects":false,"showParticleSystems":false},"in2DMode":false,"pivot":{"x":0.6901063919067383,"y":1.0921337604522706,"z":-2.676910400390625},"rotation":{"x":0.19448259472846986,"y":0.14710202813148499,"z":-0.029512660577893258,"w":0.9693645238876343},"size":63.884708404541019,"orthographic":false}