{"cameraMode":{"drawMode":0,"name":"Shaded","section":"Shading Mode"},"sceneLighting":true,"audioPlay":false,"sceneViewState":{"showFog":false,"showMaterialUpdate":false,"showSkybox":false,"showFlares":false,"showImageEffects":false,"showParticleSystems":false},"in2DMode":false,"pivot":{"x":-2.3583574295043947,"y":0.4580826759338379,"z":3.089099884033203},"rotation":{"x":-0.1416253000497818,"y":0.41008105874061587,"z":-0.06462731212377548,"w":-0.8986676931381226},"size":19.510921478271486,"orthographic":false}