{"cameraMode":{"drawMode":0,"name":"Shaded","section":"Shading Mode"},"sceneLighting":true,"audioPlay":false,"sceneViewState":{"showFog":false,"showMaterialUpdate":false,"showSkybox":false,"showFlares":false,"showImageEffects":false,"showParticleSystems":false},"in2DMode":false,"pivot":{"x":-0.5448241233825684,"y":-1.0638151168823243,"z":-11.108744621276856},"rotation":{"x":0.3386717438697815,"y":0.5804386138916016,"z":-0.2881632447242737,"w":0.6821771264076233},"size":15.605737686157227,"orthographic":false}