{"cameraMode":{"drawMode":0,"name":"Shaded","section":"Shading Mode"},"sceneLighting":true,"audioPlay":false,"sceneViewState":{"showFog":false,"showMaterialUpdate":false,"showSkybox":false,"showFlares":false,"showImageEffects":false,"showParticleSystems":false},"in2DMode":false,"pivot":{"x":-8.775787353515625,"y":2.7864038944244386,"z":-2.2758212089538576},"rotation":{"x":-0.03150006756186485,"y":-0.6606028079986572,"z":-0.02776167169213295,"w":0.7495607137680054},"size":11.872864723205567,"orthographic":false}