{"cameraMode":{"drawMode":0,"name":"Shaded","section":"Shading Mode"},"sceneLighting":true,"audioPlay":false,"sceneViewState":{"showFog":false,"showMaterialUpdate":false,"showSkybox":false,"showFlares":false,"showImageEffects":false,"showParticleSystems":false},"in2DMode":false,"pivot":{"x":-2.235215663909912,"y":1.995018482208252,"z":1.860246181488037},"rotation":{"x":-0.10736225545406342,"y":0.5760372281074524,"z":-0.07666349411010742,"w":-0.8067103028297424},"size":21.392967224121095,"orthographic":false}